{
  "steps": [
    5,
    5,
    10,
    10,
    15,
    15,
    20
  ],
  "train_loss": [
    10.834404373168946,
    10.832756233215331,
    10.835245513916016,
    10.835124206542968,
    10.834467887878418,
    10.833846473693848,
    10.834889984130859
  ],
  "val_loss": [
    null,
    null,
    null,
    null,
    null,
    null,
    null
  ],
  "learning_rate": [
    7.499999999999999e-07,
    7.499999999999999e-07,
    1.4999999999999998e-06,
    1.4999999999999998e-06,
    2.2499999999999996e-06,
    2.2499999999999996e-06,
    2.9999999999999997e-06
  ]
}